Date,Open,High,Low,Close,BuyWeightingRule,SellWeightingRule
nan,0.552570,0.659767,0.069681,0.658647,0.000000,0.000000
nan,0.106682,0.120711,-0.664282,-0.167519,0.000000,0.000000
nan,-0.152942,-0.119392,-0.920605,-0.736950,0.000000,0.000000
nan,-0.164718,-0.016009,-0.959130,-0.609597,0.000000,0.000000
nan,0.365792,0.437619,-0.685913,-0.172633,0.000000,0.000000
nan,-0.075309,0.318190,-0.593960,-0.446468,0.000000,0.000000
nan,0.180668,0.212337,-1.441758,-1.270445,0.000000,0.000000
nan,0.005581,0.258622,-0.853859,-0.413365,5.000000,0.000000
nan,0.242134,1.029788,-0.016328,0.569950,0.000000,0.000000
nan,-0.533184,-0.485055,-1.310294,-1.089522,5.000000,0.000000
nan,0.418832,0.885430,0.259472,0.885430,5.000000,0.000000
nan,0.807346,1.161204,0.688815,0.985675,4.000000,0.000000
nan,0.148218,0.256810,-0.526869,-0.296062,4.000000,0.000000
nan,0.161558,1.070358,0.086736,0.998549,3.000000,0.000000
nan,0.209877,0.721599,-0.112622,0.357080,0.000000,0.000000
nan,-0.178833,0.043039,-0.599317,-0.313424,3.000000,0.000000
nan,0.387709,0.803501,0.372421,0.770845,0.000000,0.000000
nan,-0.293656,-0.160308,-0.701619,-0.653490,0.000000,0.000000
nan,-0.084366,-0.005986,-1.212439,-1.035261,5.000000,0.000000
nan,0.454476,0.930051,0.130202,0.681095,4.000000,0.000000
nan,0.511872,1.020920,0.436199,0.756412,3.000000,0.000000
nan,-0.368553,-0.061430,-0.754371,-0.074651,3.000000,0.000000
nan,-0.053116,0.932300,-0.101354,0.924548,2.000000,0.000000
nan,0.266587,0.502157,-0.088666,0.248922,2.000000,0.000000
nan,0.128182,0.134330,-0.281890,-0.104014,2.000000,0.000000
nan,0.206798,0.621953,-0.038706,0.305292,0.000000,0.000000
nan,-0.255014,-0.086742,-0.569400,-0.191994,2.000000,0.000000
nan,-0.385016,0.026048,-0.686268,-0.366499,2.000000,0.000000
nan,0.031340,0.623956,-0.058198,0.129247,2.000000,0.000000
nan,-0.107460,1.151651,-0.949777,-0.949777,3.000000,0.000000
nan,0.731213,1.411763,0.608182,1.400114,0.000000,0.000000
nan,0.492907,0.877703,0.441754,0.669937,0.000000,0.000000
nan,-0.206642,-0.070630,-0.424041,-0.238868,0.000000,0.000000
nan,0.158370,0.374100,-0.067834,0.211047,0.000000,0.000000
nan,0.289930,0.305214,-0.978191,-0.387293,0.000000,0.000000
nan,0.057430,0.295387,-0.297094,0.249848,0.000000,0.000000
nan,-0.245361,0.616857,-0.370855,-0.009211,0.000000,0.000000
nan,-0.479265,0.176421,-0.793673,0.176421,0.000000,0.000000
nan,0.243781,0.523051,-0.108618,0.140983,0.000000,0.000000
nan,-0.207415,-0.192863,-0.762020,-0.736358,0.000000,0.000000
nan,0.213431,0.412297,-0.184727,0.157673,0.000000,0.000000
nan,0.274923,0.904745,0.255859,0.684382,0.000000,0.000000
nan,-0.213299,-0.109623,-0.432024,-0.351814,0.000000,0.000000
nan,-0.572222,-0.494124,-1.254821,-0.739325,0.000000,0.000000
nan,-0.021124,0.487579,-0.268141,0.119023,0.000000,0.000000
nan,-0.754643,-0.696226,-1.164460,-1.120333,4.000000,0.000000
nan,0.083070,0.315541,-0.249911,0.265957,4.000000,0.000000
nan,0.104614,0.337994,-0.608188,-0.408576,4.000000,0.000000
nan,0.199964,0.630769,0.183234,0.400273,4.000000,0.000000
nan,-0.116632,0.566426,-0.426336,0.265284,4.000000,0.000000
nan,0.147963,0.383407,-0.285585,0.343962,3.000000,0.000000
nan,0.611129,1.157975,0.577391,1.157975,2.000000,0.000000
nan,0.071260,0.318590,-0.043730,0.297495,0.000000,0.000000
nan,-0.131960,-0.104689,-0.325062,-0.186585,0.000000,0.000000
nan,-0.522608,0.426879,-0.579359,0.304773,0.000000,0.000000
nan,0.220868,1.109386,0.134462,1.015450,0.000000,0.000000
nan,-0.164301,0.402590,-0.202096,0.318818,0.000000,0.000000
nan,0.159398,0.237041,-0.354158,0.064475,0.000000,0.000000
nan,-0.262570,-0.057755,-0.497672,-0.279307,0.000000,0.000000
nan,0.025509,0.116119,-0.630185,-0.356058,0.000000,0.000000
nan,0.295000,0.409811,-0.364352,-0.156743,0.000000,0.000000
nan,0.106585,0.288614,-0.176902,0.182436,0.000000,0.000000
nan,-0.352582,0.145622,-0.790774,0.096721,0.000000,0.000000
nan,-0.387611,-0.312468,-1.276559,-1.276559,0.000000,0.000000
nan,0.237288,0.522444,0.124417,0.383204,0.000000,0.000000
nan,-0.321694,-0.278933,-0.931788,-0.893851,2.000000,0.000000
nan,-0.006935,0.149018,-0.520480,-0.449648,3.000000,0.000000
nan,0.098363,0.427018,-0.104095,0.108269,3.000000,0.000000
nan,-0.213466,0.302116,-0.527617,0.083097,3.000000,0.000000
nan,0.272362,0.912990,0.040274,0.508218,2.000000,0.000000
nan,0.355688,0.583761,0.065052,0.299870,2.000000,0.000000
nan,0.046221,0.047613,-0.442399,-0.325407,2.000000,0.000000
nan,-0.349603,0.476846,-0.635980,-0.524730,3.000000,0.000000
nan,-0.311971,0.546191,-0.436638,0.420877,2.000000,0.000000
nan,0.295963,0.590212,-0.490991,-0.290499,0.000000,0.000000
nan,-0.288952,0.260766,-0.364232,0.246634,0.000000,0.000000
nan,-0.445437,-0.202097,-0.789891,-0.686583,0.000000,0.000000
nan,0.386506,0.588178,0.265874,0.562114,0.000000,0.000000
nan,-0.115585,0.261386,-0.489175,-0.345865,0.000000,0.000000
nan,-0.202492,1.099400,-0.319927,1.004385,0.000000,0.000000
nan,0.402722,0.822425,0.343336,0.692102,0.000000,0.000000
nan,0.040778,0.381505,0.008852,0.317841,0.000000,0.000000
nan,-0.070203,0.123567,-0.145765,0.064510,0.000000,0.000000
nan,0.034030,0.249014,0.000098,0.224258,0.000000,0.000000
nan,0.109952,0.153631,-0.432006,-0.338317,0.000000,0.000000
nan,-0.096189,0.101587,-0.493957,-0.280952,0.000000,0.000000
nan,-0.025403,0.180867,-0.230656,0.017256,0.000000,0.000000
nan,0.143150,0.361599,-0.808808,-0.506880,0.000000,0.000000
nan,0.008921,0.222784,-0.050696,0.086872,0.000000,0.000000
nan,0.366301,0.933926,0.302985,0.812701,0.000000,0.000000
nan,-0.201862,-0.104434,-0.540263,-0.346240,0.000000,0.000000
nan,-0.159811,-0.147095,-0.819926,-0.629232,0.000000,0.000000
nan,-0.314086,-0.305278,-1.320118,-1.244263,0.000000,0.000000
nan,-0.582359,-0.389039,-0.868246,-0.868246,0.000000,0.000000
nan,-0.305960,-0.179834,-0.736670,-0.679230,0.000000,0.000000
nan,0.346241,0.719438,0.236266,0.431189,0.000000,0.000000
nan,-0.623118,-0.120055,-0.857797,-0.277512,0.000000,0.000000
nan,0.348452,0.765754,0.136911,0.400092,0.000000,0.000000
nan,1.075654,1.791858,1.075654,1.622386,0.000000,0.000000
nan,-0.089563,0.438713,-0.157255,0.263671,0.000000,0.000000
nan,0.342076,0.663732,0.139102,0.274449,0.000000,0.000000
nan,0.253290,1.329165,0.166825,0.916249,0.000000,0.000000
nan,-4.825637,-2.541601,-4.879932,-3.313013,0.000000,0.000000
nan,-0.189021,0.150878,-1.611459,-1.355172,5.000000,0.000000
nan,0.888131,1.337676,0.705561,0.836171,4.000000,0.000000
nan,0.517358,0.904868,0.276507,0.773103,0.000000,0.000000
nan,-0.216798,0.390995,-0.463401,0.318258,0.000000,0.000000
nan,0.295356,0.594853,-0.105716,0.452001,0.000000,0.000000
nan,0.101888,0.155481,-0.354618,-0.317064,0.000000,0.000000
nan,-0.250996,-0.235095,-0.957089,-0.835137,4.000000,0.000000
nan,-0.392641,-0.009554,-1.080901,-0.753464,5.000000,0.000000
nan,0.304714,0.638994,0.125429,0.216021,5.000000,0.000000
nan,-0.125803,1.122375,-0.140713,0.998088,4.000000,0.000000
nan,0.544929,1.004294,0.286425,0.964301,3.000000,0.000000
nan,0.080530,0.853537,0.036497,0.619299,3.000000,0.000000
nan,-0.105296,0.180260,-0.212976,-0.159089,4.000000,0.000000
nan,0.610250,0.855582,0.257127,0.657098,3.000000,0.000000
nan,-0.178108,0.146105,-0.389850,-0.006715,3.000000,0.000000
nan,0.058369,0.449438,-0.264951,-0.018144,3.000000,0.000000
nan,-0.116736,-0.059674,-0.673441,-0.395353,4.000000,0.000000
nan,0.354595,0.800477,0.050360,0.777739,3.000000,0.000000
nan,0.259553,0.260768,-0.252256,0.069033,3.000000,0.000000
nan,-0.125535,0.122263,-0.405079,-0.042740,3.000000,0.000000
nan,0.037930,0.571382,-0.108986,0.248843,3.000000,0.000000
nan,0.006985,0.379625,-0.237310,0.243603,3.000000,0.000000
nan,0.329573,0.516879,0.250334,0.354883,2.000000,0.000000
nan,-0.047804,0.309518,-0.273823,-0.221501,3.000000,0.000000
nan,0.229185,0.401430,0.061881,0.312487,2.000000,0.000000
nan,0.444189,0.609044,-0.300573,-0.034893,2.000000,0.000000
nan,-0.008244,0.000600,-1.007358,-0.930586,3.000000,0.000000
nan,0.029091,0.225142,-0.260307,0.129979,3.000000,0.000000
nan,0.337452,0.564992,0.061518,0.290926,3.000000,0.000000
nan,0.075949,0.740654,-0.056740,0.704650,2.000000,0.000000
nan,0.204627,0.566495,0.184158,0.330889,2.000000,0.000000
nan,0.031573,1.361074,0.007235,1.318418,1.000000,0.000000
nan,-0.081478,0.078166,-0.294290,-0.213936,1.000000,0.000000
nan,0.187643,0.470378,-0.079137,0.470378,1.000000,0.000000
nan,-0.126274,-0.039822,-0.295314,-0.151521,1.000000,0.000000
nan,0.029576,0.460428,-0.006733,0.133535,0.000000,0.000000
nan,-0.377209,-0.011134,-0.543931,-0.325534,0.000000,0.000000
nan,0.093197,0.104703,-0.836197,-0.723627,2.000000,0.000000
nan,0.394783,0.458913,0.059156,0.342171,1.000000,0.000000
nan,0.053579,0.079211,-0.588672,-0.308176,2.000000,0.000000
nan,-0.081219,0.587033,-0.529270,-0.262383,2.000000,0.000000
nan,0.255762,0.698077,0.115354,0.518519,0.000000,0.000000
nan,-0.325802,0.318149,-0.410125,0.158783,0.000000,0.000000
nan,-0.245388,-0.245388,-0.804946,-0.493734,2.000000,0.000000
nan,-0.092187,0.442743,-0.241658,0.308598,0.000000,0.000000
nan,-0.445977,-0.112061,-0.775957,-0.230348,2.000000,0.000000
nan,0.235900,0.767549,0.234677,0.603207,0.000000,0.000000
nan,-0.163290,0.049158,-0.354880,-0.348179,0.000000,0.000000
nan,0.158913,0.448383,-0.538298,-0.313010,2.000000,0.000000
nan,0.195210,0.854695,-0.093875,0.802021,0.000000,0.000000
nan,0.153041,0.305381,-0.066240,-0.062624,0.000000,0.000000
nan,0.177323,0.381407,-0.080276,0.080981,0.000000,0.000000
nan,0.107435,0.483712,-0.149320,0.358689,0.000000,0.000000
nan,-0.017191,0.149267,-0.995068,-0.422627,0.000000,0.000000
nan,-0.182605,-0.019798,-0.741648,-0.555496,0.000000,0.000000
nan,-1.047348,-0.768170,-1.487388,-0.768880,2.000000,0.000000
nan,0.279331,0.409846,-0.266368,-0.245949,2.000000,0.000000
nan,0.129775,0.349406,-0.092429,-0.044896,2.000000,0.000000
nan,-0.096544,0.373850,-0.226343,0.290282,2.000000,0.000000
nan,-0.151463,-0.022007,-0.929838,-0.852928,2.000000,0.000000
nan,0.407178,0.584300,0.279444,0.539773,2.000000,0.000000
nan,0.004494,0.511170,-0.012491,0.110973,2.000000,0.000000
nan,0.570627,0.786598,0.185589,0.237164,2.000000,0.000000
nan,0.454163,1.488653,0.450120,1.315819,0.000000,0.000000
nan,-0.065129,0.008026,-0.352292,-0.263037,0.000000,0.000000
nan,-0.398555,-0.367241,-1.340041,-1.295176,2.000000,0.000000
nan,0.320147,0.345006,-0.710431,-0.178854,2.000000,0.000000
nan,0.357895,0.871717,0.309335,0.427076,2.000000,0.000000
nan,0.595167,0.760191,-0.377928,-0.182001,2.000000,0.000000
nan,-0.906619,0.691417,-1.185727,0.580103,2.000000,0.000000
nan,-0.099418,0.747431,-0.103382,0.598114,1.000000,0.000000
nan,-0.463783,0.015627,-0.734301,-0.186805,2.000000,0.000000
nan,0.306950,0.306950,-0.266749,-0.094168,2.000000,0.000000
nan,-0.106367,0.057276,-0.575825,-0.433827,2.000000,0.000000
nan,0.028655,0.826639,-0.199662,0.741331,0.000000,0.000000
nan,-0.129169,0.381150,-0.309029,-0.261914,0.000000,0.000000
nan,-0.024896,0.150482,-0.414668,-0.303263,0.000000,0.000000
nan,-0.545550,-0.517286,-0.975857,-0.611275,2.000000,0.000000
nan,0.201570,1.127052,0.198266,0.931471,0.000000,0.000000
nan,-0.200859,0.018687,-0.501451,-0.432282,0.000000,0.000000
nan,0.318800,0.866578,0.226099,0.721236,0.000000,0.000000
nan,-0.025831,0.230405,-0.248363,0.080049,0.000000,0.000000
nan,0.113838,0.582685,-0.299424,0.315986,0.000000,0.000000
nan,0.052058,0.204748,-0.165762,0.053318,0.000000,0.000000
nan,0.189876,0.626527,0.189876,0.288997,0.000000,0.000000
nan,0.144403,0.383172,-0.131330,-0.022227,0.000000,0.000000
nan,-0.179508,-0.112703,-0.721844,-0.275008,0.000000,0.000000
nan,-0.103224,0.364891,-0.309916,0.042869,0.000000,0.000000
nan,-0.476612,-0.005341,-0.775154,-0.121285,0.000000,0.000000
nan,-0.219248,-0.049378,-0.361419,-0.182202,0.000000,0.000000
nan,0.344455,0.381393,-0.924025,-0.808854,0.000000,0.000000
nan,-0.481799,-0.380297,-0.920915,-0.905002,2.000000,0.000000
nan,-0.170377,0.209767,-0.264039,-0.264039,2.000000,0.000000
nan,-0.258812,-0.232233,-0.666584,-0.392542,3.000000,0.000000
nan,0.889072,1.161440,0.716342,1.161440,2.000000,0.000000
nan,-0.043882,0.171792,-0.248743,0.149825,2.000000,0.000000
nan,-1.743091,0.952855,-1.783529,0.949722,2.000000,0.000000
nan,0.370521,0.856192,-0.405353,-0.091948,3.000000,0.000000
nan,0.422077,0.489309,-0.265745,0.219451,3.000000,0.000000
nan,0.480623,0.781599,0.053136,0.149648,3.000000,0.000000
nan,0.159194,0.319210,-0.160838,0.242241,0.000000,0.000000
nan,-0.051567,0.001934,-0.731741,-0.417641,3.000000,0.000000
nan,-0.138482,0.135537,-0.350774,0.127645,3.000000,0.000000
nan,0.293030,0.310376,-0.215556,-0.124176,3.000000,0.000000
nan,0.198061,0.370906,-0.411773,0.122015,3.000000,0.000000
nan,0.360942,0.492467,0.135578,0.171228,3.000000,0.000000
nan,0.030098,0.172049,-0.666683,-0.307002,4.000000,0.000000
nan,0.160574,0.319769,-0.053006,0.161173,3.000000,0.000000
nan,0.065984,0.126405,-0.241251,0.060539,3.000000,0.000000
nan,-0.262510,-0.247732,-0.874008,-0.706088,4.000000,0.000000
nan,-0.124861,0.256116,-0.264329,0.230136,4.000000,0.000000
nan,-0.028738,0.435212,-0.088353,0.121121,4.000000,0.000000
nan,-0.289296,-0.080837,-0.843632,-0.650668,4.000000,0.000000
nan,-0.598260,0.069412,-0.806065,-0.126926,5.000000,0.000000
nan,-0.114204,1.326937,-0.120427,1.046705,4.000000,0.000000
nan,0.001040,0.620872,-0.098920,0.553909,4.000000,0.000000
nan,0.669623,1.302697,0.601030,1.289884,3.000000,0.000000
nan,0.298670,1.256348,0.023794,1.173084,2.000000,0.000000
nan,-0.056513,0.319683,-0.204514,0.148067,2.000000,0.000000
nan,-0.032045,0.057879,-0.379924,-0.082542,2.000000,0.000000
nan,0.027520,0.680182,0.008822,0.582749,2.000000,0.000000
nan,-0.187535,-0.020013,-0.307022,-0.247372,2.000000,0.000000
nan,0.138046,0.885058,0.138046,0.756222,2.000000,0.000000
nan,0.013988,0.532033,-0.057782,0.234935,2.000000,0.000000
nan,-0.125698,0.142753,-0.150298,0.142753,2.000000,0.000000
nan,-0.072149,0.287195,-0.124992,0.240743,1.000000,0.000000
nan,-0.124404,0.096538,-0.155906,0.024865,1.000000,0.000000
nan,-0.155588,0.045721,-0.256024,-0.080525,2.000000,0.000000
nan,0.136435,0.155477,-0.301333,-0.039837,2.000000,0.000000
nan,0.051941,0.205215,0.010545,0.145209,1.000000,0.000000
nan,-0.018323,0.023966,-0.084321,0.018060,2.000000,0.000000
nan,-0.420132,-0.104322,-0.463314,-0.158072,2.000000,0.000000
nan,-0.051363,0.203126,-0.300473,0.199140,2.000000,0.000000
nan,-0.361604,0.900846,-0.438049,0.775525,2.000000,0.000000
nan,0.221782,0.259465,-0.246569,-0.093643,2.000000,0.000000
nan,0.168819,0.212606,-0.352527,0.000463,2.000000,0.000000
nan,-0.312698,0.122386,-0.314914,0.004235,2.000000,0.000000
nan,-0.164944,0.140486,-0.255921,0.095027,2.000000,0.000000
nan,0.053452,0.053452,-0.520008,-0.237548,2.000000,0.000000
nan,0.131340,0.293109,-0.129634,0.131746,2.000000,0.000000
nan,0.028823,0.742435,-0.397276,0.428348,2.000000,0.000000
nan,-0.319578,-0.270620,-1.050740,-0.852100,2.000000,0.000000
nan,0.380414,0.781501,0.228016,0.738027,2.000000,0.000000
nan,-0.628317,-0.343373,-0.638525,-0.510093,2.000000,0.000000
nan,-0.227286,0.196555,-0.886768,-0.100674,2.000000,0.000000
nan,0.358582,0.408596,-0.070452,0.408596,2.000000,0.000000
nan,0.171011,0.314688,-0.141671,-0.017294,2.000000,0.000000
nan,-0.194358,0.277070,-0.346157,0.230821,2.000000,0.000000
nan,-0.585334,-0.172761,-0.843640,-0.586862,2.000000,0.000000
nan,0.063319,0.352840,-0.053876,0.344170,2.000000,0.000000
nan,0.574937,1.618580,0.517018,1.467835,1.000000,0.000000
nan,0.431818,0.607517,0.095703,0.297231,0.000000,0.000000
nan,-0.048551,-0.027754,-0.353905,-0.241419,1.000000,0.000000
nan,-0.196275,-0.154012,-1.087518,-0.929290,2.000000,0.000000
nan,0.074406,0.358518,-1.024987,-1.024987,2.000000,0.000000
nan,0.774518,1.311051,0.608473,0.865695,2.000000,0.000000
nan,-0.218708,0.115453,-0.391251,-0.221020,2.000000,0.000000
nan,0.058308,0.485817,0.000213,0.165765,2.000000,0.000000
nan,-0.164872,0.199730,-0.997318,-0.995492,2.000000,0.000000
nan,-0.079874,0.678568,-0.183047,0.278694,2.000000,0.000000
nan,-0.017708,0.294945,-0.491301,-0.042744,2.000000,0.000000
nan,0.289882,0.804622,0.033919,0.703003,2.000000,0.000000
nan,0.396647,0.487922,0.016121,0.171256,2.000000,0.000000
nan,0.220271,1.034735,0.127392,0.763053,2.000000,0.000000
nan,-0.053226,0.095803,-0.155610,-0.018746,2.000000,0.000000
nan,0.448929,0.546059,-0.332588,0.158452,2.000000,0.000000
nan,-0.107425,0.149355,-0.471350,-0.263823,2.000000,0.000000
nan,0.016824,0.131125,-0.458791,-0.001594,2.000000,0.000000
nan,0.541431,0.609206,0.345779,0.511784,2.000000,0.000000
nan,-0.069697,1.155267,-0.210453,1.010173,1.000000,0.000000
nan,0.161331,0.461926,-0.010678,0.225805,1.000000,0.000000
nan,-0.033007,0.126706,-0.529757,-0.369830,1.000000,0.000000
nan,-0.194954,-0.095490,-1.632334,-1.041018,2.000000,0.000000
nan,0.393707,0.413212,-0.083825,0.135625,2.000000,0.000000
nan,0.178524,0.225386,-0.305874,0.085828,2.000000,0.000000
nan,0.584983,1.738616,0.576345,1.689064,1.000000,0.000000
nan,-0.105160,0.112532,-0.184808,-0.055684,1.000000,0.000000
nan,-0.451892,-0.009994,-0.471428,-0.236632,2.000000,0.000000
nan,-0.519463,-0.210067,-0.778928,-0.507750,2.000000,0.000000
nan,0.039701,0.225715,-0.170901,0.057331,2.000000,0.000000
nan,-0.321559,0.379968,-0.325652,0.008692,2.000000,0.000000
nan,-0.326097,0.427283,-0.368754,0.082493,2.000000,0.000000
nan,0.298573,0.660442,-0.309664,-0.113275,2.000000,0.000000
nan,-0.062770,0.320821,-0.105987,0.201125,2.000000,0.000000
nan,-0.020245,0.095716,-0.448869,-0.009333,2.000000,0.000000
nan,0.088221,0.289718,-0.086853,0.159627,2.000000,0.000000
nan,0.986580,1.108669,0.273821,0.554519,2.000000,0.000000
nan,-0.333182,0.263279,-0.492198,0.091452,2.000000,0.000000
nan,-0.338702,-0.098572,-0.472635,-0.322763,2.000000,0.000000
nan,0.228802,0.443326,-0.869940,-0.689768,2.000000,0.000000
nan,-0.695211,-0.211420,-0.851307,-0.441480,2.000000,0.000000
nan,0.076623,1.060777,-0.056558,1.030446,2.000000,0.000000
nan,-0.048947,0.328264,-0.224108,0.187763,2.000000,0.000000
nan,-0.813051,-0.517941,-1.130131,-0.520071,2.000000,0.000000
nan,0.506811,1.237351,0.373524,1.166603,2.000000,0.000000
nan,0.354565,0.643921,0.239811,0.409075,2.000000,0.000000
nan,0.135430,0.425109,-0.020424,0.410212,2.000000,0.000000
nan,-0.114499,0.438136,-0.202344,0.434900,0.000000,0.000000
nan,0.431493,0.483625,-0.431335,-0.429332,2.000000,0.000000
nan,-0.011476,0.244800,-0.246662,0.194875,2.000000,0.000000
nan,-0.017742,0.083954,-0.545970,-0.504187,2.000000,0.000000
nan,-0.546185,0.194282,-0.766700,0.103910,2.000000,0.000000
nan,-0.440306,-0.045531,-0.670919,-0.045531,2.000000,0.000000
nan,0.152529,0.171201,-0.368445,-0.192540,2.000000,0.000000
nan,-0.399697,0.163495,-1.177450,-0.478283,3.000000,0.000000
nan,0.278614,0.809078,-0.126979,0.120103,3.000000,0.000000
nan,-0.134688,-0.055039,-0.509191,-0.359330,3.000000,0.000000
nan,0.208599,0.419149,-0.880004,-0.850999,3.000000,0.000000
nan,0.107269,0.314075,0.011208,0.126370,3.000000,0.000000
nan,-0.382494,0.270406,-0.591873,0.085921,3.000000,0.000000
nan,0.043309,0.507730,-0.144365,0.168557,3.000000,0.000000
nan,1.924100,3.162561,1.868318,3.153257,2.000000,0.000000
nan,0.022257,0.218065,-0.123952,0.094190,2.000000,0.000000
nan,-0.004246,0.151344,-0.193955,0.045283,2.000000,0.000000
nan,-0.259344,0.043346,-0.362318,-0.229445,2.000000,0.000000
nan,-0.206130,0.145804,-0.236294,-0.046003,2.000000,0.000000
nan,0.323161,0.584484,-0.035951,0.558363,2.000000,0.000000
nan,-0.044512,0.195638,-0.241279,0.160204,2.000000,0.000000
nan,0.194658,0.967514,0.095402,0.963982,1.000000,0.000000
nan,-0.372210,0.569560,-0.450235,0.555333,1.000000,0.000000
nan,0.334801,0.363455,-0.460368,-0.179833,1.000000,0.000000
nan,0.308310,0.715916,0.075968,0.440544,1.000000,0.000000
nan,-0.163511,0.218768,-0.271433,0.067674,1.000000,0.000000
nan,0.078549,0.125256,-0.771440,-0.376911,1.000000,0.000000
nan,0.145174,0.489408,0.027110,0.484592,1.000000,0.000000
nan,0.438667,0.506056,-0.334645,0.299561,1.000000,0.000000
nan,-0.158978,0.284442,-0.254867,-0.020620,1.000000,0.000000
nan,-0.851174,-0.143810,-1.769684,-1.409681,2.000000,0.000000
nan,-0.190588,0.021561,-1.152810,-0.338134,2.000000,0.000000
nan,0.181793,0.559842,0.054440,0.397511,2.000000,0.000000
nan,0.215215,0.258538,-0.553865,-0.157488,2.000000,0.000000
nan,-0.179686,0.690878,-0.214197,0.325358,2.000000,0.000000
nan,-0.229024,0.023920,-0.341470,-0.134311,2.000000,0.000000
nan,0.419366,0.450799,-0.815375,-0.174020,2.000000,0.000000
nan,-0.142844,-0.084369,-0.760516,-0.161159,2.000000,0.000000
nan,-0.110961,0.258666,-0.195714,0.222011,2.000000,0.000000
nan,-0.375503,0.159333,-0.513629,-0.251866,2.000000,0.000000
nan,0.115096,0.918531,-0.132061,0.136219,2.000000,0.000000
nan,0.071453,0.522607,0.054071,0.416651,2.000000,0.000000
nan,0.581050,1.771585,0.579228,1.310184,0.000000,0.000000
nan,-0.450859,-0.286341,-1.186395,-1.099170,2.000000,0.000000
nan,-0.249822,0.466492,-0.410983,-0.146079,2.000000,0.000000
nan,0.133571,0.564834,0.101696,0.341961,0.000000,0.000000
nan,-0.017074,0.895024,-0.017074,0.850789,0.000000,0.000000
nan,-0.459760,-0.274121,-1.240844,-1.040996,2.000000,0.000000
nan,0.408351,0.831187,0.311215,0.620439,0.000000,0.000000
nan,0.276174,1.296165,0.196842,0.339994,0.000000,0.000000
nan,-0.033348,-0.012220,-1.527485,-0.942169,2.000000,0.000000
nan,0.449602,0.584712,0.130804,0.504978,0.000000,0.000000
nan,0.803564,1.322911,0.663271,1.125453,0.000000,0.000000
nan,0.405056,0.516448,-0.612168,-0.611918,0.000000,0.000000
nan,-0.185640,-0.085676,-0.874097,-0.334853,0.000000,0.000000
nan,-0.129226,0.263095,-0.471932,0.163526,0.000000,0.000000
nan,-0.298574,-0.056186,-0.966231,-0.502092,0.000000,0.000000
nan,0.418754,0.895082,0.160434,0.310418,0.000000,0.000000
nan,-0.350995,-0.162768,-1.043778,-0.827615,0.000000,0.000000
nan,-0.703669,0.002160,-1.111155,-0.196706,0.000000,0.000000
nan,0.490071,0.666687,-2.044086,-1.880809,2.000000,0.000000
nan,0.067536,0.353544,-0.789910,-0.740169,2.000000,0.000000
nan,0.577046,1.305853,0.531597,1.216886,0.000000,0.000000
nan,-0.502158,0.052893,-0.518759,-0.310683,1.000000,0.000000
nan,-0.038509,0.487023,-0.248360,0.135032,1.000000,0.000000
nan,0.169241,0.300945,-1.115136,-0.588481,2.000000,0.000000
nan,-0.041358,0.060732,-0.337920,0.060732,2.000000,0.000000
nan,0.624964,0.772358,0.143546,0.468969,1.000000,0.000000
nan,0.276530,0.764123,-0.229994,-0.072925,1.000000,0.000000
nan,0.267043,1.717683,0.253301,1.541903,0.000000,0.000000
nan,-0.101767,0.408202,-0.106756,0.120566,0.000000,0.000000
nan,0.010825,0.169557,-0.524748,-0.078797,0.000000,0.000000
nan,0.169439,0.200288,-0.728283,-0.365616,0.000000,0.000000
nan,-0.376831,-0.116560,-1.651013,-1.277859,0.000000,0.000000
nan,0.308718,0.366990,-0.096047,0.177513,0.000000,0.000000
nan,0.512014,1.006819,-0.488116,-0.039139,0.000000,0.000000
nan,-0.180847,0.135897,-2.065101,-1.669014,1.000000,0.000000
nan,-0.092265,-0.033985,-0.791500,-0.251128,1.000000,0.000000
nan,0.156758,0.750360,0.017719,0.448011,1.000000,0.000000
nan,-0.032551,0.622813,-0.069565,0.331218,0.000000,0.000000
nan,-0.608719,-0.090958,-1.047448,-0.755176,1.000000,0.000000
nan,-0.492589,-0.229570,-0.921428,-0.400663,1.000000,0.000000
nan,-0.172052,0.386852,-0.531031,-0.361256,1.000000,0.000000
nan,0.239191,1.485923,-0.211356,1.073629,0.000000,0.000000
nan,0.150215,0.191377,-0.788996,-0.563473,1.000000,0.000000
nan,-0.410669,0.025255,-0.666766,-0.216673,1.000000,0.000000
nan,-0.133836,1.346103,-0.249965,1.150854,0.000000,0.000000
nan,0.064621,0.308425,-0.579705,-0.326711,0.000000,0.000000
nan,-0.139869,0.585547,-0.583779,0.280547,0.000000,0.000000
nan,-0.805412,-0.516226,-1.535389,-1.104364,1.000000,0.000000
nan,0.037402,0.039232,-1.278007,-1.113985,2.000000,0.000000
nan,-0.420688,0.260154,-0.633663,-0.001918,2.000000,0.000000
nan,0.684326,1.441362,0.659134,1.200490,2.000000,0.000000
nan,0.344468,0.554595,-0.065815,0.095092,2.000000,0.000000
nan,0.582243,0.992169,0.508928,0.692668,0.000000,0.000000
nan,-0.217831,0.209271,-0.635982,-0.482638,2.000000,0.000000
nan,-0.798822,-0.202763,-0.980800,-0.305858,2.000000,0.000000
nan,-0.474605,-0.124578,-1.145121,-0.791666,2.000000,0.000000
nan,0.682115,1.342444,0.462541,1.299100,2.000000,0.000000
nan,-0.016791,0.323025,-0.585867,-0.438130,2.000000,0.000000
nan,0.174730,0.642466,-0.038011,0.052150,2.000000,0.000000
nan,0.111080,0.548277,-0.386214,-0.103003,2.000000,0.000000
nan,-0.499688,0.044726,-0.828784,-0.355827,2.000000,0.000000
nan,-0.731338,-0.721833,-2.016473,-1.406375,3.000000,0.000000
nan,0.639642,0.753725,0.347173,0.449263,3.000000,0.000000
nan,0.763717,0.898654,0.252001,0.424135,3.000000,0.000000
nan,0.359812,1.075140,0.234020,0.689279,3.000000,0.000000
nan,-0.723304,-0.033677,-0.733413,-0.321918,3.000000,0.000000
nan,0.185037,0.861329,-0.015548,0.171405,3.000000,0.000000
nan,-0.410799,1.086671,-0.450924,0.720194,3.000000,0.000000
nan,0.550855,1.179750,0.403406,0.649710,3.000000,0.000000
nan,-0.276686,0.198498,-0.407634,0.058409,3.000000,0.000000
nan,0.613602,1.406925,0.612102,1.355256,2.000000,0.000000
nan,0.414513,0.657422,0.296587,0.393304,2.000000,0.000000
nan,-0.283164,0.327493,-0.283164,0.229602,2.000000,0.000000
nan,-0.236123,-0.011306,-0.433121,-0.105193,2.000000,0.000000
nan,-0.121672,0.168516,-0.270195,-0.174492,2.000000,0.000000
nan,0.604069,0.765793,0.147588,0.327978,2.000000,0.000000
nan,-0.023843,0.055427,-0.256273,0.019535,2.000000,0.000000
nan,-0.088812,0.257036,-0.355980,0.060295,2.000000,0.000000
nan,0.269370,0.428214,0.105759,0.253593,2.000000,0.000000
nan,-0.250469,0.383737,-0.257564,-0.063344,2.000000,0.000000
nan,-0.157385,0.337219,-0.227876,0.020377,2.000000,0.000000
nan,-0.310643,0.291947,-0.356948,0.086375,2.000000,0.000000
nan,0.210189,0.667180,0.169731,0.435471,2.000000,0.000000
nan,0.209383,0.430260,0.072312,0.396287,2.000000,0.000000
nan,0.177933,1.041531,0.148666,1.041531,2.000000,0.000000
nan,0.314886,0.621116,0.174487,0.621116,2.000000,0.000000
nan,0.449507,0.621330,-0.075147,0.573029,2.000000,0.000000
nan,-0.172922,-0.009515,-0.314220,-0.020997,2.000000,0.000000
nan,0.096519,0.217834,-0.229964,-0.103524,2.000000,0.000000
nan,0.171232,0.349850,-0.106510,0.175874,2.000000,0.000000
nan,-0.143946,0.034948,-0.579213,-0.234294,2.000000,0.000000
nan,0.139111,0.234917,-0.208357,0.185967,2.000000,0.000000
nan,0.057476,0.276137,-0.223362,0.106494,2.000000,0.000000
nan,0.106717,0.471417,-0.162303,0.078617,2.000000,0.000000
nan,0.223120,0.304845,0.075019,0.104290,2.000000,0.000000
nan,-0.069578,0.271925,-0.321769,-0.076485,2.000000,0.000000
nan,0.157218,0.883566,0.078522,0.425127,2.000000,0.000000
nan,-0.059722,-0.003629,-1.163023,-0.468311,2.000000,0.000000
nan,0.599125,0.650380,-0.298141,0.010452,2.000000,0.000000
nan,0.206480,0.692580,-0.158256,0.105140,2.000000,0.000000
nan,-0.039856,0.467216,-0.175813,0.089427,2.000000,0.000000
nan,-0.131170,0.322628,-0.728958,-0.531620,2.000000,0.000000
nan,0.017815,1.686973,-0.110972,1.586675,2.000000,0.000000
nan,0.469804,1.020842,0.469804,0.743118,2.000000,0.000000
nan,0.091510,0.335874,-0.026100,0.106783,2.000000,0.000000
nan,0.989010,2.269626,0.979016,2.067390,0.000000,0.000000
nan,-0.149589,-0.040935,-0.524741,-0.216414,0.000000,0.000000
nan,0.314517,0.566123,-0.094618,0.335103,0.000000,0.000000
nan,-0.172873,0.021076,-0.330801,-0.089550,0.000000,0.000000
nan,0.435747,0.502886,-0.876451,-0.793006,0.000000,0.000000
nan,0.224972,0.359983,-0.303623,0.028002,0.000000,0.000000
nan,-0.030444,0.172725,-1.823167,-1.758584,1.000000,0.000000
nan,0.209484,0.302999,-0.624392,-0.485094,1.000000,0.000000
nan,0.203652,0.318626,-1.457415,-0.463469,1.000000,0.000000
nan,0.232501,0.565340,-0.647460,-0.356898,1.000000,0.000000
nan,-0.609876,-0.323696,-1.608074,-0.494814,2.000000,0.000000
nan,0.416766,0.829463,0.274688,0.614910,1.000000,0.000000
nan,0.039006,0.369187,-0.543355,-0.464648,1.000000,0.000000
nan,-0.527194,0.791293,-0.584998,0.561885,2.000000,0.000000
nan,-0.135254,1.293621,-0.274390,0.936812,1.000000,0.000000
nan,0.032683,0.208911,-1.356560,-1.304629,2.000000,0.000000
nan,-0.611527,0.290936,-0.802463,-0.055471,2.000000,0.000000
nan,0.127269,1.294471,-0.228442,0.436054,2.000000,0.000000
nan,-0.196207,0.491969,-0.598567,-0.506576,2.000000,0.000000
nan,0.074322,0.602123,-0.287588,0.504508,2.000000,0.000000
nan,0.798309,1.157681,-0.188036,0.019827,2.000000,0.000000
nan,-0.011072,0.977464,-0.320101,-0.320101,2.000000,0.000000
nan,0.168468,0.336683,-1.786173,-1.357189,2.000000,0.000000
nan,1.464018,2.116259,0.931780,1.627368,2.000000,0.000000
nan,-0.014268,0.295584,-0.808131,-0.082577,2.000000,0.000000
nan,-1.240192,-0.121385,-1.508977,-0.407819,2.000000,0.000000
nan,0.225804,0.692874,-0.081022,0.380867,2.000000,0.000000
nan,0.831256,1.600618,0.749169,0.887506,0.000000,0.000000
nan,0.230957,0.317683,-0.335406,-0.246549,2.000000,0.000000
nan,0.063760,0.494482,-0.359812,0.492018,0.000000,0.000000
nan,-0.288958,0.037471,-0.521036,-0.477794,2.000000,0.000000
nan,-0.152598,0.278696,-0.936127,-0.474031,2.000000,0.000000
nan,-0.331955,0.338633,-0.495040,0.292682,2.000000,0.000000
nan,0.883695,1.867558,0.838641,1.706876,0.000000,0.000000
nan,0.019870,0.217533,-0.810194,-0.788943,0.000000,0.000000
nan,0.230846,0.298936,-1.537483,-1.188456,2.000000,0.000000
nan,-0.027395,0.555532,-0.450164,0.328831,2.000000,0.000000
nan,-0.268916,-0.009627,-0.406631,-0.301284,2.000000,0.000000
nan,-0.021221,0.456740,-0.427435,-0.022617,2.000000,0.000000
nan,-0.037275,-0.005062,-0.856263,-0.736413,2.000000,0.000000
nan,0.001227,0.006567,-0.560070,-0.511550,3.000000,0.000000
nan,-0.163036,0.053289,-1.409681,-0.377981,3.000000,0.000000
nan,0.365159,1.240841,0.176589,0.870873,2.000000,0.000000
nan,0.709350,1.859959,0.682595,1.532967,2.000000,0.000000
nan,0.412586,1.328362,0.412586,1.222356,0.000000,0.000000
nan,0.646120,0.712365,0.117303,0.388903,0.000000,0.000000
nan,0.125660,0.464657,-0.053257,0.144575,0.000000,0.000000
nan,-0.245353,-0.062412,-1.279155,-0.843895,0.000000,0.000000
nan,-0.001128,0.139864,-1.046320,-0.633767,0.000000,0.000000
nan,0.310767,0.503959,-0.282514,0.341131,0.000000,0.000000
nan,-0.005366,0.043402,-0.579688,-0.361860,0.000000,0.000000
nan,0.227730,1.220782,-0.032025,0.371474,0.000000,0.000000
nan,-0.368430,0.041462,-0.882901,-0.506033,0.000000,0.000000
nan,0.538445,0.888040,0.141169,0.791704,0.000000,0.000000
nan,0.132044,1.328011,0.108319,1.238800,0.000000,0.000000
nan,0.005611,0.289713,-0.191166,0.237960,0.000000,0.000000
nan,0.922486,1.083079,0.440057,0.779864,0.000000,0.000000
nan,0.106266,0.139741,-1.174156,-1.174156,0.000000,0.000000
nan,-0.324575,0.230161,-1.546225,-0.935918,0.000000,0.000000
nan,-0.006865,0.406187,-0.242524,0.337422,0.000000,0.000000
nan,0.151515,0.241460,-0.528469,-0.126915,0.000000,0.000000
nan,-0.811154,-0.117989,-1.231291,-1.023078,0.000000,0.000000
nan,0.105442,0.571258,-0.309952,-0.066494,0.000000,0.000000
nan,0.362975,0.889594,-1.730237,-1.474953,0.000000,0.000000
nan,-0.388942,-0.388942,-1.749709,-1.725337,0.000000,0.000000
nan,-0.765846,-0.256099,-1.279842,-0.768204,0.000000,0.000000
nan,-3.486013,-1.053020,-3.486013,-2.260700,0.000000,0.000000
nan,0.653160,1.963744,0.168414,1.501696,0.000000,0.000000
nan,-0.626812,-0.365369,-2.998130,-2.456208,0.000000,0.000000
nan,0.020659,0.263905,-1.889267,-1.123646,2.000000,0.000000
nan,0.954847,1.977992,0.836246,1.276210,0.000000,0.000000
nan,-0.000071,0.130347,-0.631650,-0.629604,2.000000,0.000000
nan,0.708384,1.420446,-0.873617,1.027540,0.000000,0.000000
nan,0.618578,1.009405,-0.459651,0.050250,0.000000,0.000000
nan,0.446728,0.989017,0.161598,0.758449,0.000000,0.000000
nan,0.308983,0.383665,-0.645766,-0.475621,0.000000,0.000000
nan,0.129017,0.790690,-0.370727,0.732020,0.000000,0.000000
nan,-0.219917,-0.096984,-0.828904,-0.124795,0.000000,0.000000
nan,-0.796190,0.194073,-1.331786,-0.061175,0.000000,0.000000
nan,0.213790,0.368092,-0.214581,0.156658,0.000000,0.000000
nan,0.589902,0.843835,0.005736,0.310155,0.000000,0.000000
nan,0.334205,0.362234,-0.651843,-0.260346,0.000000,0.000000
nan,-0.454983,0.188330,-0.523298,-0.394652,0.000000,0.000000
nan,-0.351707,-0.341184,-2.081896,-1.741913,0.000000,0.000000
nan,-0.976997,-0.769649,-2.201167,-1.947874,2.000000,0.000000
nan,-0.571631,1.367284,-0.575736,1.232904,0.000000,0.000000
nan,0.961626,1.172056,0.135259,0.159785,0.000000,0.000000
nan,-0.370758,1.115580,-0.642927,0.906486,0.000000,0.000000
nan,-0.050940,0.942812,-0.468490,0.756624,0.000000,0.000000
nan,-0.164543,0.360362,-0.488182,-0.061130,0.000000,0.000000
nan,0.734977,0.746421,0.098783,0.494326,0.000000,0.000000
nan,0.049804,0.283177,-1.745825,-1.346339,0.000000,0.000000
nan,-0.058363,0.696117,-0.124862,0.114198,0.000000,0.000000
nan,0.317221,0.961585,0.015176,0.737134,0.000000,0.000000
nan,0.000000,0.743031,-0.054391,0.301573,0.000000,0.000000
nan,-0.293859,-0.135163,-1.404060,-1.177343,0.000000,0.000000
nan,0.301741,0.703483,-0.173989,0.616932,0.000000,0.000000
nan,0.201767,0.252021,-0.390511,0.012480,0.000000,0.000000
nan,-0.823756,-0.284811,-2.032936,-1.418408,0.000000,0.000000
nan,-0.703052,-0.660894,-1.891786,-1.437232,3.000000,0.000000
nan,0.222454,0.655349,-1.065811,-0.661085,3.000000,0.000000
nan,1.385747,1.693467,0.932163,1.216616,3.000000,0.000000
nan,-0.678749,-0.063878,-1.324004,-0.198968,3.000000,0.000000
nan,0.102846,1.385764,0.010333,1.026629,2.000000,0.000000
nan,-0.651809,-0.178941,-1.202419,-0.619104,3.000000,0.000000
nan,-0.012948,0.056685,-1.373657,-0.291271,3.000000,0.000000
nan,1.262115,2.350431,1.146224,2.239641,2.000000,0.000000
nan,-0.402793,-0.098095,-0.667379,-0.413605,3.000000,0.000000
nan,0.450996,0.839537,-0.231996,0.132425,3.000000,0.000000
nan,0.827939,1.079905,0.472923,0.875876,2.000000,0.000000
nan,-0.163280,-0.102107,-0.910041,-0.668322,3.000000,0.000000
nan,-0.074806,0.906135,-0.195538,0.781908,2.000000,0.000000
nan,0.299916,0.705808,-0.021761,0.177428,2.000000,0.000000
nan,0.237679,0.289969,-0.433725,-0.331221,3.000000,0.000000
nan,0.334917,1.441066,0.167165,1.255600,2.000000,0.000000
nan,0.077982,0.355047,-0.241029,0.034153,2.000000,0.000000
nan,0.031228,0.031228,-0.367137,-0.152931,2.000000,0.000000
nan,-0.075151,0.117712,-0.502652,-0.176533,3.000000,0.000000
nan,-0.015375,0.313635,-0.486450,0.209546,3.000000,0.000000
nan,0.197087,0.490873,-0.598011,-0.141604,3.000000,0.000000
nan,-0.613642,-0.431116,-1.557285,-0.838996,3.000000,0.000000
nan,-0.172721,0.529426,-0.250906,0.511434,3.000000,0.000000
nan,0.473495,0.833878,0.115084,0.526910,2.000000,0.000000
nan,0.167482,0.277338,-0.112953,0.205996,2.000000,0.000000
nan,-0.008730,1.413955,-0.044175,1.247966,2.000000,0.000000
nan,-0.174697,-0.026871,-0.899574,-0.736503,2.000000,0.000000
nan,0.283200,0.851765,0.116530,0.851765,2.000000,0.000000
nan,0.051536,0.931004,-0.039819,0.846032,0.000000,0.000000
nan,-0.157979,-0.095608,-0.614823,-0.237404,2.000000,0.000000
nan,0.037265,0.334167,-0.145000,0.204910,0.000000,0.000000
nan,0.213388,0.607250,-0.096932,0.531703,0.000000,0.000000
nan,0.000870,0.069859,-0.394319,-0.144880,0.000000,0.000000
nan,0.057774,0.093215,-0.497709,-0.158260,0.000000,0.000000
nan,-0.200846,0.193347,-0.401283,-0.051798,0.000000,0.000000
nan,0.091314,0.412228,-0.064562,0.178484,0.000000,0.000000
nan,-0.076047,0.803936,-0.098134,0.803803,0.000000,0.000000
nan,0.006959,0.126827,-0.433314,-0.251813,0.000000,0.000000
nan,0.374435,0.864329,-0.108905,0.629524,0.000000,0.000000
nan,-0.210927,-0.148377,-1.628401,-1.309942,0.000000,0.000000
nan,-0.141243,0.200047,-1.182819,-0.822812,2.000000,0.000000
nan,0.419352,0.995868,-0.019730,0.560302,0.000000,0.000000
nan,0.528408,0.690416,-0.738385,-0.501562,0.000000,0.000000
nan,-0.516442,-0.401946,-1.701842,-1.315664,0.000000,0.000000
nan,0.179516,0.784788,-0.021015,0.784788,0.000000,0.000000
nan,0.082411,0.131853,-1.569420,-1.188749,0.000000,0.000000
nan,0.484897,1.295788,0.370397,0.791013,0.000000,0.000000
nan,0.764071,0.809312,-0.067930,0.308362,0.000000,0.000000
nan,-0.030407,1.023485,-0.115606,0.108515,0.000000,0.000000
nan,0.174053,0.568496,-0.383764,0.284614,0.000000,0.000000
nan,0.316614,0.561798,-0.460749,-0.126041,0.000000,0.000000
nan,-0.939754,-0.101783,-1.323435,-0.293920,0.000000,0.000000
nan,0.329627,0.631831,-0.098613,0.505730,0.000000,0.000000
nan,0.537914,0.700304,-0.177977,-0.004047,0.000000,0.000000
nan,0.098713,0.420948,-0.405665,0.320711,0.000000,0.000000
nan,-0.554566,1.610284,-0.590068,1.420834,0.000000,0.000000
nan,0.057392,0.412896,-0.633342,-0.633278,0.000000,0.000000
nan,-0.424420,-0.180356,-1.475683,-1.151721,0.000000,0.000000
nan,-1.214069,-0.813969,-1.555238,-1.013502,0.000000,0.000000
nan,0.349971,0.536004,-0.046863,0.112053,0.000000,0.000000
nan,0.029478,0.157375,-1.439504,-1.187279,0.000000,0.000000
nan,-0.027257,0.441079,-0.166847,0.441079,0.000000,0.000000
nan,-0.529577,-0.391714,-1.992306,-1.992306,2.000000,0.000000
nan,0.406082,0.550342,-0.526533,-0.231578,2.000000,0.000000
nan,0.085410,1.309288,-0.697218,0.727795,2.000000,0.000000
nan,-0.371807,0.169206,-1.544117,-1.083663,3.000000,0.000000
nan,0.916693,1.296400,0.527536,0.811793,2.000000,0.000000
nan,-0.995524,-0.025636,-1.091390,-0.427222,3.000000,0.000000
nan,0.521117,1.194161,0.252824,0.697562,2.000000,0.000000
nan,-0.160539,0.009738,-0.408340,-0.199360,2.000000,0.000000
nan,0.286576,1.254411,0.279074,0.925073,2.000000,0.000000
nan,0.266044,0.277519,-0.240125,0.202038,2.000000,0.000000
nan,0.290425,0.406604,-0.036770,0.304124,2.000000,0.000000
nan,0.232818,0.613053,-0.084253,0.421656,2.000000,0.000000
nan,-0.655238,-0.605806,-1.346538,-1.227669,2.000000,0.000000
nan,0.300108,0.563195,-0.054356,0.484984,2.000000,0.000000
nan,0.361293,0.583226,0.040650,0.306708,2.000000,0.000000
nan,-0.062848,0.409382,-0.217488,0.130783,2.000000,0.000000
nan,0.038327,0.821135,-0.251014,0.647479,1.000000,0.000000
nan,0.431780,0.758180,0.348546,0.674113,0.000000,0.000000
nan,-0.163608,-0.042232,-0.696709,-0.515878,0.000000,0.000000
nan,-0.140696,0.132385,-1.396599,-0.804435,0.000000,0.000000
nan,-0.331468,0.023960,-0.466804,-0.083205,0.000000,0.000000
nan,0.272464,1.333927,0.240972,0.908773,0.000000,0.000000
nan,-0.023939,0.036977,-0.976084,-0.710172,0.000000,0.000000
nan,0.984862,1.593099,0.783975,1.474572,0.000000,0.000000
nan,0.106490,0.500233,0.037967,0.329859,0.000000,0.000000
nan,-0.243391,-0.074257,-0.403380,-0.403380,0.000000,0.000000
nan,0.075002,0.405488,-0.379364,0.047443,0.000000,0.000000
nan,0.138029,0.179764,-0.645607,-0.445662,0.000000,0.000000
nan,-0.772970,-0.760221,-1.578368,-1.234473,0.000000,0.000000
nan,0.170727,0.637877,0.099330,0.451042,0.000000,0.000000
nan,0.101453,0.648781,-0.502120,-0.113837,0.000000,0.000000
nan,0.380840,0.911004,0.311308,0.324489,0.000000,0.000000
nan,-0.164051,0.366949,-0.403197,-0.095336,0.000000,0.000000
nan,-0.067832,0.410754,-0.366539,0.277645,0.000000,0.000000
nan,-0.658971,-0.583770,-1.847457,-1.627935,0.000000,0.000000
nan,-0.503516,-0.178368,-0.656323,-0.425716,0.000000,0.000000
nan,0.556845,0.668295,-0.413890,0.000842,0.000000,0.000000
nan,0.265755,0.447358,-1.529205,-1.257287,2.000000,0.000000
nan,0.252215,0.569872,0.038104,0.478125,0.000000,0.000000
nan,0.031618,0.048498,-0.656536,-0.172136,2.000000,0.000000
nan,0.339048,1.052243,0.226268,0.780406,0.000000,0.000000
nan,-0.069587,0.656722,-0.096863,0.344625,0.000000,0.000000
nan,-0.188378,0.352364,-0.254792,0.007871,0.000000,0.000000
nan,-0.119262,0.165671,-0.210449,-0.131702,0.000000,0.000000
nan,0.204349,0.517399,-0.138792,0.190089,0.000000,0.000000
nan,0.447714,1.101399,0.228483,0.943519,0.000000,0.000000
nan,0.266154,0.387347,-0.071846,-0.071846,0.000000,0.000000
nan,0.175394,0.276218,-0.185007,0.227263,0.000000,0.000000
nan,-0.299156,-0.214639,-1.070943,-0.447041,0.000000,0.000000
nan,-0.503843,-0.446810,-0.963714,-0.863256,0.000000,0.000000
nan,-0.171408,-0.039283,-0.424131,-0.117718,0.000000,0.000000
nan,0.285415,0.374323,-1.217911,-0.902992,2.000000,0.000000
nan,-0.321441,-0.283644,-1.154776,-1.123663,2.000000,0.000000
nan,-0.295634,0.341122,-0.635360,-0.564183,2.000000,0.000000
nan,0.032214,0.236206,-0.442923,0.029094,2.000000,0.000000
nan,-0.060482,0.530145,-0.195367,0.177914,2.000000,0.000000
nan,0.177622,0.209062,-0.804998,-0.107029,2.000000,0.000000
nan,0.127014,0.510667,-0.118854,0.414669,0.000000,0.000000
nan,0.030092,0.653472,-0.099785,0.155812,0.000000,0.000000
nan,0.362388,0.531865,0.134870,0.463118,0.000000,0.000000
nan,-0.459540,-0.008388,-0.564906,-0.188819,0.000000,0.000000
nan,0.005287,0.596258,-0.216821,0.415075,0.000000,0.000000
nan,0.071661,0.568030,0.050428,0.417498,0.000000,0.000000
nan,-0.054925,0.921354,-0.057511,0.731452,0.000000,0.000000
nan,0.519470,0.898174,0.323443,0.711344,0.000000,0.000000
nan,-0.324819,-0.143177,-0.558340,-0.547934,0.000000,0.000000
nan,-0.061613,0.453647,-0.196637,0.163738,0.000000,0.000000
nan,0.141846,0.146816,-0.311733,0.077549,0.000000,0.000000
nan,-0.389050,0.487616,-0.779896,0.342293,0.000000,0.000000
nan,-0.370937,-0.283384,-1.675965,-1.291822,0.000000,0.000000
nan,0.131228,0.866848,0.112118,0.632192,0.000000,0.000000
nan,-0.753697,-0.193774,-0.928281,-0.352655,0.000000,0.000000
nan,-0.085580,0.419220,-0.772282,-0.297177,0.000000,0.000000
nan,-0.053715,0.008694,-0.962064,-0.904920,0.000000,0.000000
nan,-0.457233,-0.270696,-1.182354,-1.125249,0.000000,0.000000
nan,0.112120,0.350454,-0.980094,0.204635,0.000000,0.000000
nan,-0.003508,0.010670,-1.789115,-1.787558,0.000000,0.000000
nan,-1.033463,-0.080782,-1.305569,-1.165614,0.000000,0.000000
nan,1.021928,1.037850,-0.166603,-0.104396,0.000000,0.000000
nan,0.000000,0.679139,-0.434348,0.606270,0.000000,0.000000
nan,0.157061,1.178229,-0.048139,1.087175,0.000000,0.000000
nan,0.233339,0.476036,-0.712246,-0.411081,0.000000,0.000000
nan,-0.132085,0.507235,-0.856893,-0.837655,0.000000,0.000000
nan,-0.069120,0.187274,-0.603909,-0.236040,0.000000,0.000000
nan,0.744701,0.823069,-0.377780,-0.196348,0.000000,0.000000
nan,-1.033755,-0.858091,-1.950800,-1.648920,2.000000,0.000000
nan,0.159925,0.772124,-0.705059,-0.542379,2.000000,0.000000
nan,-0.606223,0.869321,-0.738683,0.753230,2.000000,0.000000
nan,-0.817342,-0.656218,-1.659042,-0.689972,2.000000,0.000000
nan,0.451198,1.573175,0.117871,0.868649,2.000000,0.000000
nan,0.362014,0.378667,-0.790263,-0.309229,2.000000,0.000000
nan,0.830969,1.358188,0.667913,1.025864,0.000000,0.000000
nan,-0.178713,0.819406,-0.199531,0.134712,0.000000,0.000000
nan,1.070577,1.412423,0.321052,0.321818,0.000000,0.000000
nan,0.021414,0.237099,-0.255182,-0.154074,0.000000,0.000000
nan,0.149427,0.216058,-0.376174,-0.068373,0.000000,0.000000
nan,0.371914,0.969035,0.309123,0.610259,0.000000,0.000000
nan,0.321566,0.449096,-0.488076,-0.333674,0.000000,0.000000
nan,-0.246103,0.140312,-0.703333,0.011875,0.000000,0.000000
nan,0.399516,0.443800,-1.397900,-1.303696,0.000000,0.000000
nan,0.311183,1.088533,0.156647,0.938468,0.000000,0.000000
nan,-0.492306,0.600977,-1.001647,-0.379315,0.000000,0.000000
nan,0.223133,0.556921,-0.995991,-0.371958,0.000000,0.000000
nan,0.454173,0.597482,-0.758488,-0.079777,0.000000,0.000000
nan,0.270258,0.493691,-0.687650,-0.606257,0.000000,0.000000
nan,-0.543505,-0.358918,-1.471767,-1.114223,0.000000,0.000000
nan,0.448482,1.194996,0.292973,1.109718,0.000000,0.000000
nan,-0.174430,-0.140148,-0.782874,-0.661184,0.000000,0.000000
nan,0.050574,0.423568,-0.282195,0.340111,0.000000,0.000000
nan,0.771271,1.240940,0.683133,1.014273,0.000000,0.000000
nan,0.163444,0.284191,-0.564678,-0.285942,0.000000,0.000000
nan,0.294192,0.313095,-0.186828,-0.064463,0.000000,0.000000
nan,0.494517,0.661879,-0.146339,-0.004100,0.000000,0.000000
nan,0.085062,0.108116,-0.567714,-0.259629,0.000000,0.000000
nan,1.740979,1.943111,1.257037,1.306282,0.000000,0.000000
nan,-0.223931,-0.146207,-0.848353,-0.817692,0.000000,0.000000
nan,-0.823148,-0.433818,-0.993872,-0.848786,0.000000,0.000000
nan,-0.905690,-0.844798,-2.703791,-2.403848,0.000000,0.000000
nan,0.404188,0.719763,-0.141558,-0.141558,0.000000,0.000000
nan,-0.381959,-0.187275,-1.248031,-1.024107,0.000000,0.000000
nan,0.547648,1.609590,0.383468,0.971330,0.000000,0.000000
nan,0.315380,1.166591,0.214210,0.911433,0.000000,0.000000
nan,0.302570,0.364558,-0.259073,-0.029056,0.000000,0.000000
nan,-0.706025,-0.130696,-1.171087,-0.361418,0.000000,0.000000
nan,-0.078264,0.128795,-1.011417,-0.573043,0.000000,0.000000
nan,-0.171375,0.424878,-0.351287,-0.192187,0.000000,0.000000
nan,0.225227,0.558290,0.053394,0.156112,0.000000,0.000000
nan,-0.891951,-0.491023,-1.247054,-0.953945,0.000000,0.000000
nan,-0.234120,0.268241,-0.606306,0.139912,0.000000,0.000000
nan,-0.160653,0.009918,-2.157954,-1.535374,4.000000,0.000000
nan,0.428003,1.246136,0.302718,1.077145,3.000000,0.000000
nan,-0.491018,0.325124,-1.040150,0.128396,3.000000,0.000000
nan,-0.683269,-0.250940,-1.088106,-0.988107,4.000000,0.000000
nan,0.700012,2.206510,0.401337,2.095197,3.000000,0.000000
nan,0.279307,0.279785,-0.516881,-0.118907,3.000000,0.000000
nan,0.014241,0.974390,-0.016624,0.335987,3.000000,0.000000
nan,0.483391,0.945239,0.210123,0.534683,2.000000,0.000000
nan,-0.296330,0.202684,-0.631083,0.169472,2.000000,0.000000
nan,0.165473,0.224777,-0.550795,-0.205068,2.000000,0.000000
nan,-0.401812,-0.007417,-0.607511,-0.190317,2.000000,0.000000
nan,0.645055,0.837172,-0.261061,0.216223,2.000000,0.000000
nan,0.294196,0.339684,-0.153853,0.238955,2.000000,0.000000
nan,-0.478566,-0.011793,-0.662418,-0.076702,2.000000,0.000000
nan,0.498518,1.797789,0.453426,1.729783,0.000000,0.000000
nan,-0.178290,-0.155321,-0.484873,-0.420211,2.000000,0.000000
nan,-0.360133,0.036607,-0.618167,-0.280286,2.000000,0.000000
nan,-0.283221,0.278156,-0.505245,-0.113179,2.000000,0.000000
nan,-0.158309,0.475410,-0.238436,0.358419,2.000000,0.000000
nan,0.633799,1.168139,0.537999,0.925102,0.000000,0.000000
nan,-0.298160,-0.040344,-0.523423,-0.438262,0.000000,0.000000
nan,-0.115532,0.405624,-0.314435,0.052389,0.000000,0.000000
nan,-0.050349,-0.022363,-0.534045,-0.229617,2.000000,0.000000
nan,0.468248,0.796442,-0.801599,-0.052563,2.000000,0.000000
nan,0.156297,0.279865,-0.351414,0.046596,2.000000,0.000000
nan,-0.001485,0.177149,-0.496649,-0.025229,2.000000,0.000000
nan,0.013390,1.204254,0.006912,1.181054,0.000000,0.000000
nan,-0.188902,-0.124361,-0.437873,-0.268460,0.000000,0.000000
nan,-0.379861,-0.235358,-1.862088,-1.862088,3.000000,0.000000
nan,-0.185739,0.143719,-0.973626,-0.708065,3.000000,0.000000
nan,0.301888,0.831935,0.232648,0.663539,3.000000,0.000000
nan,0.670403,0.922638,0.629939,0.686729,2.000000,0.000000
nan,0.301711,0.564327,-0.003033,0.254509,2.000000,0.000000
nan,0.559638,0.576629,-0.552591,-0.478390,3.000000,0.000000
nan,-0.275545,1.428613,-0.433863,1.286217,2.000000,0.000000
nan,-0.074321,0.113338,-0.268269,-0.003695,2.000000,0.000000
nan,-0.114074,0.446175,-0.337722,0.061823,2.000000,0.000000
nan,0.182767,0.793816,0.058984,0.574102,2.000000,0.000000
nan,0.290701,0.326758,-0.060407,0.132710,2.000000,0.000000
nan,-0.004131,0.509530,-0.015894,0.215376,2.000000,0.000000
nan,0.377540,0.544434,0.143260,0.299780,2.000000,0.000000
nan,-0.372538,0.324510,-0.400399,0.223148,2.000000,0.000000
nan,-0.297284,-0.123837,-0.618989,-0.338285,2.000000,0.000000
nan,-0.358829,0.239050,-0.452263,0.179696,2.000000,0.000000
nan,0.435344,1.023117,0.427981,0.546016,1.000000,0.000000
nan,0.284376,0.311393,-0.063475,-0.057600,1.000000,0.000000
nan,-0.139232,0.225437,-0.264528,0.180247,1.000000,0.000000
nan,-0.177495,0.206502,-0.357956,-0.213472,2.000000,0.000000
nan,-0.265607,0.163195,-0.868617,-0.450069,2.000000,0.000000
nan,-0.568934,-0.273059,-0.727661,-0.387517,2.000000,0.000000
nan,0.260470,0.601848,0.032838,0.555716,2.000000,0.000000
nan,0.448617,0.489398,-0.286230,-0.125589,2.000000,0.000000
nan,-0.162178,0.409403,-0.244281,0.314834,2.000000,0.000000
nan,0.006615,0.415030,-0.205129,0.098662,2.000000,0.000000
nan,0.138912,0.905481,-0.079544,0.643583,0.000000,0.000000
nan,-0.000990,0.175629,-0.328016,-0.188542,0.000000,0.000000
nan,0.103258,1.093274,-0.033148,0.863874,0.000000,0.000000
nan,-0.550802,-0.439489,-1.260807,-1.210368,3.000000,0.000000
nan,-0.243092,-0.140194,-0.893708,-0.354133,3.000000,0.000000
nan,0.185284,0.482342,-1.260896,-1.210845,4.000000,0.000000
nan,-0.268305,0.182255,-0.338116,-0.114733,4.000000,0.000000
nan,0.180349,0.658257,-0.306925,0.477121,4.000000,0.000000
nan,0.128158,0.543545,-0.336812,-0.002889,4.000000,0.000000
nan,0.020563,0.495023,-0.028866,0.060107,4.000000,0.000000
nan,0.422184,0.800785,0.092190,0.646387,3.000000,0.000000
nan,0.600718,1.190364,0.571193,1.027896,3.000000,0.000000
nan,0.140370,0.631897,-0.150872,0.480889,3.000000,0.000000
nan,0.662182,1.359573,0.654347,1.313765,2.000000,0.000000
nan,-0.196575,0.493974,-0.249629,0.221778,2.000000,0.000000
nan,0.034596,0.240517,-0.134862,0.144362,2.000000,0.000000
nan,-0.200526,-0.134667,-0.410746,-0.309609,2.000000,0.000000
nan,-0.243275,0.167996,-0.754280,-0.754280,2.000000,0.000000
nan,0.093247,0.580977,0.088815,0.371518,2.000000,0.000000
nan,0.057857,0.386986,-0.399036,0.197061,2.000000,0.000000
nan,-0.152262,0.645868,-0.304321,0.435713,2.000000,0.000000
nan,0.075780,0.203678,-0.112509,0.137932,2.000000,0.000000
nan,0.043938,0.652743,0.036592,0.551198,2.000000,0.000000
nan,-0.006000,0.638859,-0.098411,0.352915,2.000000,0.000000
nan,-0.101842,0.617707,-0.361993,0.472827,0.000000,0.000000
nan,0.013239,0.201744,-0.270244,0.089970,0.000000,0.000000
nan,-0.017301,0.785014,-0.079169,0.533209,0.000000,0.000000
nan,-0.059505,0.059505,-0.531071,-0.210721,0.000000,0.000000
nan,0.012900,0.284571,-0.158371,0.225910,0.000000,0.000000
nan,-0.043088,0.423153,-0.339467,0.089245,0.000000,0.000000
nan,-0.098203,0.120851,-0.323618,0.112257,0.000000,0.000000
nan,0.035193,0.412192,-0.281292,0.009394,0.000000,0.000000
nan,-0.000701,0.635045,-0.008370,0.473769,0.000000,0.000000
nan,-1.678768,-0.795228,-1.933044,-0.877339,0.000000,0.000000
nan,0.081781,0.222389,-1.590534,-1.342079,0.000000,0.000000
nan,0.125330,0.800103,-0.200475,0.602734,0.000000,0.000000
nan,-0.563203,-0.371088,-1.530705,-1.416495,2.000000,0.000000
nan,0.901897,1.144468,0.246003,0.589844,0.000000,0.000000
nan,-0.107488,-0.047151,-1.471584,-1.251689,2.000000,0.000000
nan,0.219942,0.788717,0.145714,0.787279,0.000000,0.000000
nan,0.182583,0.734617,-0.880655,0.734617,0.000000,0.000000
nan,-0.149785,1.421645,-0.467164,1.421645,0.000000,0.000000
nan,-0.388759,-0.266047,-1.078463,-0.481344,0.000000,0.000000
nan,-0.080908,0.050587,-1.639675,-1.322622,0.000000,0.000000
nan,0.472226,0.917264,0.171521,0.684330,0.000000,0.000000
nan,-0.013454,0.452286,-0.588916,0.169174,0.000000,0.000000
nan,-0.694917,-0.572101,-1.612713,-1.439265,2.000000,0.000000
nan,0.498999,0.863692,0.255697,0.390607,0.000000,0.000000
nan,0.446392,0.758079,0.263470,0.401645,0.000000,0.000000
nan,0.195456,0.281909,-0.527080,-0.295292,0.000000,0.000000
nan,-0.807226,-0.663028,-1.322584,-1.262160,3.000000,0.000000
nan,0.316543,0.581708,0.137174,0.430471,2.000000,0.000000
nan,-1.064312,-0.978364,-1.597829,-1.166636,4.000000,0.000000
nan,-0.436857,0.443971,-0.705941,0.438519,3.000000,0.000000
nan,-0.502789,1.286184,-0.520456,1.175949,3.000000,0.000000
nan,0.066095,0.571563,-0.279307,0.063651,3.000000,0.000000
nan,0.046870,0.633746,-0.533870,-0.182396,3.000000,0.000000
nan,0.334918,0.946252,0.224445,0.608365,3.000000,0.000000
nan,0.580684,1.198103,0.473658,0.726875,2.000000,0.000000
nan,-0.408702,-0.155533,-0.579708,-0.265266,2.000000,0.000000
nan,-0.135570,0.570238,-0.238956,0.353466,2.000000,0.000000
nan,-0.296598,-0.215030,-0.791711,-0.482164,2.000000,0.000000
nan,0.107262,0.188762,-0.243504,-0.070621,2.000000,0.000000
nan,-0.108210,1.790410,-0.646428,1.617736,2.000000,0.000000
nan,-0.068321,0.098971,-0.268507,-0.153716,2.000000,0.000000
nan,0.669898,0.860758,0.310649,0.310649,2.000000,0.000000
nan,-0.022664,0.464095,-0.259132,-0.102841,2.000000,0.000000
nan,-0.212308,0.010944,-0.595419,-0.436166,2.000000,0.000000
nan,-0.319983,0.067096,-0.410359,-0.309512,2.000000,0.000000
nan,-0.120425,0.587307,-0.261738,0.113430,2.000000,0.000000
nan,0.423612,0.600695,-0.242166,0.173040,2.000000,0.000000
nan,0.213784,0.924059,0.179165,0.860609,2.000000,0.000000
nan,1.458159,1.480545,0.807705,0.821647,1.000000,0.000000
nan,0.172243,0.180940,-0.250244,0.035998,0.000000,0.000000
nan,0.145907,0.710530,0.128938,0.605263,0.000000,0.000000
nan,0.191451,0.271141,0.000339,0.093039,0.000000,0.000000
nan,0.015156,0.015156,-0.735997,-0.419039,0.000000,0.000000
nan,-0.187606,0.129711,-0.417119,-0.171624,0.000000,0.000000
nan,-0.729114,-0.451194,-1.227391,-0.731988,0.000000,0.000000
nan,-0.161831,0.084212,-0.547803,-0.433706,0.000000,0.000000
nan,0.190106,0.306542,-0.454931,-0.284305,0.000000,0.000000
nan,-0.094402,0.157681,-0.188106,-0.060992,0.000000,0.000000
nan,0.161408,0.768693,-0.154268,0.444068,0.000000,0.000000
nan,0.033753,0.541733,-0.141748,0.303604,0.000000,0.000000
nan,-0.007660,0.155757,-0.742826,-0.626496,0.000000,0.000000
nan,-1.020109,-0.311042,-1.171285,-0.787025,0.000000,0.000000
nan,0.520624,0.781463,-0.112629,0.224293,0.000000,0.000000
nan,-0.115066,0.599738,-0.163072,0.204660,0.000000,0.000000
nan,0.660170,1.675446,0.552962,1.395328,0.000000,0.000000
nan,0.137748,0.415066,-0.098826,0.223896,0.000000,0.000000
nan,0.366001,0.530714,-1.541646,-1.107651,0.000000,0.000000
nan,0.012191,0.456623,-0.041191,0.400198,0.000000,0.000000
nan,-0.150228,0.375873,-0.224681,-0.016897,0.000000,0.000000
nan,-0.132222,-0.089113,-2.077854,-1.858097,0.000000,0.000000
nan,0.012769,0.547104,-0.056678,0.288566,0.000000,0.000000
nan,-0.375591,0.449286,-0.412783,0.443204,0.000000,0.000000
nan,-1.489253,-1.480904,-2.825551,-2.583368,0.000000,0.000000
nan,-0.768532,-0.505080,-1.644054,-1.442216,0.000000,0.000000
nan,0.213640,0.607563,-0.609107,-0.609107,2.000000,0.000000
nan,0.458762,1.206148,-0.055015,0.551417,0.000000,0.000000
nan,0.687619,1.305952,0.226330,1.305952,0.000000,0.000000
nan,-0.257377,0.134856,-1.142491,-1.011172,0.000000,0.000000
nan,0.713469,0.952336,-0.311237,-0.093924,0.000000,0.000000
nan,-0.308509,1.029023,-0.922626,0.464115,0.000000,0.000000
nan,0.056238,0.061590,-1.896934,-1.679748,4.000000,0.000000
nan,0.193027,0.241931,-1.465072,-0.518134,4.000000,0.000000
nan,0.310555,1.075539,0.224402,0.971334,4.000000,0.000000
nan,0.755112,1.266872,0.406216,0.985238,3.000000,0.000000
nan,-0.023186,0.320095,-0.622889,-0.414593,3.000000,0.000000
nan,0.145022,1.119127,0.143151,0.978426,3.000000,0.000000
nan,-0.301206,0.324781,-0.565670,-0.360427,3.000000,0.000000
nan,0.376039,0.489543,-0.872079,-0.872079,4.000000,0.000000
nan,0.052480,0.549055,-0.383245,0.299607,3.000000,0.000000
nan,-0.125696,0.776051,-0.269991,0.463259,3.000000,0.000000
nan,-0.163139,-0.078704,-1.006393,-0.186631,3.000000,0.000000
nan,-0.091039,0.981613,-0.252250,0.885113,3.000000,0.000000
nan,0.073344,0.966976,0.040335,0.644822,2.000000,0.000000
nan,0.004587,0.354228,-0.060535,0.093677,2.000000,0.000000
nan,-0.206600,0.018883,-0.548296,-0.278495,2.000000,0.000000
nan,0.862894,1.086173,0.576797,0.740234,2.000000,0.000000
nan,0.603114,0.820101,0.384040,0.660787,2.000000,0.000000
nan,0.125446,0.511184,0.029435,0.423924,2.000000,0.000000
nan,0.125725,0.350642,-0.013997,0.225764,2.000000,0.000000
nan,-0.100239,0.434946,-0.304408,0.280636,0.000000,0.000000
nan,0.482475,0.828451,0.322621,0.596153,0.000000,0.000000
nan,0.265930,0.743519,-0.311630,0.337470,0.000000,0.000000
nan,0.016357,0.556316,-0.008744,0.385979,0.000000,0.000000
nan,-0.537074,-0.314073,-0.701146,-0.586032,0.000000,0.000000
nan,-0.062361,0.084441,-0.512244,-0.051353,0.000000,0.000000
nan,-0.076352,0.291453,-0.121575,0.114125,0.000000,0.000000
nan,-0.226672,0.518990,-0.234003,0.457916,0.000000,0.000000
nan,0.032926,0.224052,-0.265027,0.069702,0.000000,0.000000
nan,-0.240520,-0.181789,-1.373142,-0.846500,0.000000,0.000000
nan,0.180338,0.223337,-0.238237,-0.238237,0.000000,0.000000
nan,-0.386019,-0.311754,-1.118279,-0.493568,3.000000,0.000000
nan,-0.043528,0.536254,-0.073947,0.369137,0.000000,0.000000
nan,0.267097,0.788905,0.246137,0.628787,0.000000,0.000000
nan,-0.089678,0.410389,-0.232206,0.321945,0.000000,0.000000
nan,0.282363,0.469817,-1.115133,-1.115133,0.000000,0.000000
nan,-0.282094,-0.247778,-2.269231,-2.269231,4.000000,0.000000
nan,0.221799,0.588118,-0.310425,0.587443,4.000000,0.000000
nan,-0.027129,0.619667,-0.292033,0.568228,4.000000,0.000000
nan,0.003085,0.003426,-1.102838,-0.853436,5.000000,0.000000
nan,0.024180,1.304701,-0.114086,0.828652,4.000000,0.000000
nan,-0.075827,0.723253,-0.432149,0.466432,4.000000,0.000000
nan,0.557386,2.287016,0.505126,2.287016,3.000000,0.000000
nan,-0.282709,-0.108217,-0.815745,-0.165462,3.000000,0.000000
nan,0.520244,1.287726,0.166625,0.941793,3.000000,0.000000
nan,0.094977,0.452652,-0.171345,0.266128,3.000000,0.000000
nan,-0.097522,0.952007,-0.146711,-0.099962,3.000000,0.000000
nan,-0.118721,0.300632,-0.342657,-0.141288,3.000000,0.000000
nan,0.187442,1.017266,0.083900,0.756650,2.000000,0.000000
nan,0.065035,0.288545,-0.114885,0.044800,2.000000,0.000000
nan,-0.345306,0.430406,-0.365785,0.290142,2.000000,0.000000
nan,0.417411,0.775798,0.150276,0.494086,2.000000,0.000000
nan,0.096297,0.159707,-0.256200,0.150697,2.000000,0.000000
nan,0.019510,0.620820,-0.011271,0.318577,2.000000,0.000000
nan,0.031448,0.069078,-0.301379,-0.014195,2.000000,0.000000
nan,-0.069441,0.031586,-0.744024,-0.200079,2.000000,0.000000
nan,0.186113,0.293253,-0.783248,-0.295505,2.000000,0.000000
nan,0.308609,0.853484,0.203899,0.642154,2.000000,0.000000
nan,0.419891,1.425314,0.394314,1.188646,1.000000,0.000000
nan,-0.013314,0.203439,-0.161318,0.083422,1.000000,0.000000
nan,0.016740,0.268619,-0.257848,0.215318,1.000000,0.000000
nan,0.538501,0.830529,0.326250,0.752885,1.000000,0.000000
nan,-0.281625,-0.077787,-0.645657,-0.419960,1.000000,0.000000
nan,-0.404267,-0.020355,-0.584932,-0.209055,1.000000,0.000000
nan,0.313472,0.762783,0.113075,0.590984,1.000000,0.000000
nan,-0.273902,-0.067257,-1.001344,-0.370937,1.000000,0.000000
nan,-0.221450,-0.075145,-0.491036,-0.347730,1.000000,0.000000
nan,0.570716,0.570716,-0.051412,0.430856,1.000000,0.000000
nan,0.098250,0.284731,-0.727373,-0.243276,1.000000,0.000000
nan,0.197368,1.167711,-0.133342,0.098510,1.000000,0.000000
nan,-0.653650,-0.271456,-1.045269,-0.439492,2.000000,0.000000
nan,-0.524904,0.095774,-0.798043,-0.142784,2.000000,0.000000
nan,0.056446,0.747567,-0.119409,0.183130,1.000000,0.000000
nan,0.586553,0.737066,0.325225,0.579122,1.000000,0.000000
nan,0.070153,0.109495,-0.371560,-0.070718,1.000000,0.000000
nan,0.386711,0.555274,-0.120181,0.358278,0.000000,0.000000
nan,-0.280511,-0.197483,-0.507284,-0.294944,1.000000,0.000000
nan,-0.472042,0.318466,-0.572952,-0.065474,1.000000,0.000000
nan,0.199719,0.712629,-1.971881,-1.900670,2.000000,0.000000
nan,0.523589,0.847954,-0.262801,0.171968,2.000000,0.000000
nan,0.065361,1.172370,0.042064,1.055252,2.000000,0.000000
nan,0.026591,0.335529,-0.598688,-0.598688,2.000000,0.000000
nan,0.228748,0.814082,0.008257,0.781704,2.000000,0.000000
nan,-0.133617,0.029447,-0.466292,-0.428546,2.000000,0.000000
nan,-0.278108,-0.097179,-1.531475,-0.243924,2.000000,0.000000
nan,0.032965,0.693241,-0.196106,0.532061,2.000000,0.000000
nan,0.145307,0.984586,-0.290833,0.522756,2.000000,0.000000
nan,1.123433,1.402521,0.235712,0.424572,2.000000,0.000000
nan,0.466723,0.994956,0.386917,0.868514,0.000000,0.000000
nan,-0.113983,-0.091728,-0.961274,-0.833315,2.000000,0.000000
nan,-0.150128,-0.012791,-0.502864,-0.458971,2.000000,0.000000
nan,0.031807,0.187900,-0.574064,-0.071461,2.000000,0.000000
nan,-0.011928,0.786837,-0.071283,0.750284,2.000000,0.000000
nan,-0.099815,0.091544,-0.235575,-0.126579,2.000000,0.000000
nan,0.264897,0.570800,0.074766,0.256313,2.000000,0.000000
nan,-0.253992,-0.145859,-0.661593,-0.627141,2.000000,0.000000
nan,-0.108453,1.247721,-0.169058,0.970557,0.000000,0.000000
nan,-0.839968,-0.725078,-1.863542,-1.171978,2.000000,0.000000
nan,-0.930696,-0.529446,-1.886956,-0.641702,2.000000,0.000000
nan,0.505096,1.091525,0.274187,0.694614,2.000000,0.000000
nan,-0.597199,0.741554,-0.833898,0.645684,2.000000,0.000000
nan,1.064890,1.399554,0.941031,1.204734,0.000000,0.000000
nan,0.266008,0.368117,-0.081395,-0.081395,0.000000,0.000000
nan,0.267418,0.318401,-0.545160,-0.220520,0.000000,0.000000
nan,-0.085566,0.252689,-0.620382,0.034525,0.000000,0.000000
nan,-0.080565,0.016894,-0.474799,-0.168881,0.000000,0.000000
nan,0.218049,0.422943,-0.345121,-0.020084,0.000000,0.000000
nan,0.588761,0.899073,0.475418,0.677367,0.000000,0.000000
nan,-0.157077,0.173985,-0.274147,0.160674,0.000000,0.000000
nan,-0.649440,0.082833,-0.745758,0.048896,0.000000,0.000000
nan,0.323022,0.594033,-0.408113,-0.283084,0.000000,0.000000
nan,-0.422538,-0.209049,-0.942648,-0.898950,0.000000,0.000000
nan,0.873791,1.519968,0.859395,1.322133,0.000000,0.000000
nan,-1.393065,-1.224330,-2.634319,-2.568776,2.000000,0.000000
nan,0.477615,0.843967,-0.285638,0.820309,0.000000,0.000000
nan,-0.050394,0.329993,-0.191720,0.147702,0.000000,0.000000
nan,-1.092482,-0.570815,-1.557848,-1.294907,0.000000,0.000000
nan,0.271801,0.351738,-1.256403,-1.199757,0.000000,0.000000
nan,0.351929,0.657120,0.038221,0.434553,0.000000,0.000000
nan,0.617606,1.621812,0.586596,1.615735,0.000000,0.000000
nan,-0.389383,1.401409,-0.397039,1.331962,0.000000,0.000000
nan,0.624132,0.872697,0.375362,0.654594,0.000000,0.000000
nan,-0.299586,-0.161794,-0.753812,-0.414929,0.000000,0.000000
nan,-0.258522,-0.082524,-0.467680,-0.135241,0.000000,0.000000
nan,0.755524,1.190163,0.436279,0.913163,0.000000,0.000000
nan,0.295883,0.893993,0.207071,0.833055,1.000000,0.000000
nan,-0.367225,-0.029668,-1.178520,-0.029668,1.000000,0.000000
nan,0.075731,0.295516,-0.118738,-0.008367,1.000000,0.000000
